name,email,age,net_worth
Andrew,agrenshields0@dell.com,16,3565.78
Zsazsa,zmerrick1@phoca.cz,37,68744.77
Brion,bfowley2@deliciousdays.com,17,55794.86
Meridith,mraveau3@goo.ne.jp,56,73488.53
Karalynn,kcominetti4@surveymonkey.com,62,66477.3
Seumas,sloughlan5@acquirethisname.com,56,24749.9
Liana,lswayton6@g.co,30,69404.21
Brook,bveltmann7@surveymonkey.com,21,5967.3
Zilvia,zlohden8@nhs.uk,53,53946.96
Lauree,lmcrill9@bloglines.com,34,82772.22
Jobye,jcampea@domainmarket.com,54,74366.8
Curt,clonerganb@google.pl,39,63828.67
Cyril,csatchellc@discovery.com,48,66801.92
Bartholomeo,bcaned@ed.gov,60,15216.84
Hymie,hstendelle@ucla.edu,25,66242.08
Genia,ghallowsf@jugem.jp,27,70484.79
Leupold,lbartellg@ow.ly,37,19939.82
Kirbie,kdelaharpeh@blinklist.com,14,45914.09
Deeanne,dbruinsi@about.com,39,24238.62
Maison,mkreberj@ucla.edu,51,12559.05
Delia,dweinhamk@t-online.de,8,68721.32
Phylis,prodolphel@dagondesign.com,23,55681.97
Fran,ftimlinm@wikimedia.org,61,62243.05
Terrance,tcowmeadown@foxnews.com,51,36215.76
Willy,wwaberero@princeton.edu,33,89702.46
Reggis,rvintenp@people.com.cn,13,80698.88
Tammie,trushmerq@youtu.be,25,83654.63
Lexie,lsisslandr@apple.com,20,70011.24
Carolynn,cairetons@rakuten.co.jp,64,81725.24
Yevette,ywestropet@umich.edu,36,93184.45
Blaine,bsproulu@dedecms.com,41,2612.44
Viki,vblaskettv@ihg.com,18,95657.74
Carmencita,cbelkw@hugedomains.com,19,46557.9
Chlo,cinderx@vimeo.com,37,69417.62
Elisabeth,efalkousy@flavors.me,55,81559.11
Elden,eminihanez@ehow.com,49,61521.54
Sheena,sbeccera10@domainmarket.com,24,99895.46
Bennie,bjimeno11@furl.net,17,72806.86
Ardisj,abruntjen12@dyndns.org,12,74377.11
Claudell,cfreestone13@fema.gov,50,10722.01
Cherey,cgenn14@nbcnews.com,44,70805.51
Eugenie,eawdry15@networksolutions.com,20,90135.21
Elspeth,emccambrois16@addtoany.com,54,80761.28
Roberta,rleathlay17@cnet.com,24,18676.25
Ivette,ihawe18@boston.com,40,88943.72
Abramo,acastaignet19@state.gov,27,82952.53
Batsheva,bcohen1a@mozilla.com,68,61336.24
Benjy,btinkham1b@uiuc.edu,64,61874.54
Irv,ibasnett1c@wufoo.com,63,91594.01
Fabian,fstadding1d@bluehost.com,20,22534.94
Sibley,slarive1e@cafepress.com,57,22817.72
Kennan,kfrayn1f@51.la,13,65884.63
Dinah,dnolin1g@ameblo.jp,53,24309.0
Kearney,khansill1h@samsung.com,32,19104.4
Homer,hcoom1i@1und1.de,29,63543.25
Moritz,moliveras1j@acquirethisname.com,27,52531.39
Roosevelt,rzincke1k@istockphoto.com,66,77394.86
Evania,estoffers1l@ehow.com,15,79378.71
Hugibert,hjochens1m@tamu.edu,25,76719.79
Georgie,gfergyson1n@arizona.edu,13,66485.33
Magda,mcloss1o@eepurl.com,54,66388.78
Wrennie,wpollie1p@theguardian.com,61,86505.27
Peterus,pbisterfeld1q@addtoany.com,66,84340.59
Tomas,truhben1r@google.pl,8,8811.66
Chloette,clebretondelavieuville1s@example.com,42,8148.16
Zia,zgianni1t@1und1.de,38,57221.95
Cad,cgarret1u@meetup.com,29,79912.56
Chris,cjillins1v@spiegel.de,48,15739.44
Onofredo,omcgorley1w@imdb.com,21,86259.13
Vinny,vespinas1x@mail.ru,32,59173.9
Abey,acesconi1y@histats.com,39,92682.83
Shanda,sstaddom1z@yellowpages.com,47,47929.95
Guido,gastie20@google.fr,11,85170.09
Nicola,nabotson21@cbc.ca,34,68952.43
Kyla,kdollin22@amazonaws.com,34,87721.56
Deny,dwatting23@typepad.com,8,7071.73
Andy,asmerdon24@i2i.jp,67,42709.97
Dulci,dstegell25@earthlink.net,45,77665.17
Gary,ggaydon26@sitemeter.com,26,73248.27
Nessi,nhaggarty27@ovh.net,31,44504.45
Vanni,vlambin28@narod.ru,43,88431.24
Adolphe,adavie29@bizjournals.com,39,41201.02
Leann,lizchaki2a@trellian.com,54,26729.48
Maryanne,mwheelwright2b@opensource.org,31,25363.6
Charlie,chume2c@mail.ru,47,39591.71
Harriett,hservante2d@privacy.gov.au,40,63262.61
Terry,tsemonin2e@mapy.cz,21,17228.44
Meghan,mminster2f@merriam-webster.com,15,27363.35
Catina,cthornley2g@who.int,47,27505.05
Celine,camerighi2h@illinois.edu,39,60194.26
Lewes,lpirt2i@businesswire.com,34,33993.35
Ximenes,xmeadowcroft2j@msu.edu,42,38596.06
Lona,lteather2k@theatlantic.com,58,20426.88
Claudell,cdifrancesco2l@wsj.com,67,89905.47
Arte,ayuranovev2m@imgur.com,62,55565.09
Armin,aingles2n@nytimes.com,29,86890.66
Rhona,rrugiero2o@1und1.de,62,72734.04
Maxi,mchristophers2p@miitbeian.gov.cn,17,34485.89
Noel,ntrenam2q@mit.edu,59,15263.06
Brett,botridge2r@ucoz.ru,63,11467.98
Dana,dschustl2s@abc.net.au,13,91999.73
Shanie,semslie2t@google.pl,29,36592.25
Erica,edinesen2u@tinypic.com,60,14548.89
Dallis,dshanks2v@hugedomains.com,46,34145.01
Trevor,tdumelow2w@nsw.gov.au,25,6568.6
Ethelbert,elunney2x@google.ca,14,47344.35
Phillis,pcuddehy2y@infoseek.co.jp,50,30125.74
Susann,shawkings2z@microsoft.com,32,57913.56
Dorise,dspeedin30@hp.com,19,44363.93
Loretta,lhairesnape31@buzzfeed.com,20,90673.63
Casar,cigounet32@mozilla.com,44,59596.2
Farrah,fcawsy33@cornell.edu,39,75399.48
Fleurette,fjoselson34@meetup.com,23,57386.99
Jaymee,jmattin35@google.co.uk,43,2482.63
Sonnie,statersale36@themeforest.net,41,8999.25
Shae,sfrankiss37@tumblr.com,32,50025.9
Ros,rphuprate38@mapy.cz,62,26984.83
Pauletta,pshrieves39@kickstarter.com,27,9358.13
Hobey,hnealand3a@clickbank.net,57,27502.1
Cristi,cstruther3b@163.com,13,35143.28
Christian,cnester3c@microsoft.com,47,23161.55
Alberik,abasindale3d@xinhuanet.com,64,75953.91
Sheila,smostyn3e@smugmug.com,51,73742.6
Link,ltrenholm3f@pinterest.com,25,65497.98
Maurise,mwanden3g@bandcamp.com,30,34374.99
Amil,ablackaby3h@shinystat.com,36,70598.3
Shanna,salliott3i@google.com.au,51,56205.33
Lauryn,lmazzeo3j@fastcompany.com,21,74529.57
Davey,dcelez3k@engadget.com,36,79586.32
Matt,mosherrin3l@elpais.com,31,78025.75
Finlay,fmcturk3m@51.la,49,34231.42
Adrien,ahinks3n@gravatar.com,39,65792.89
Desiree,dkervin3o@histats.com,22,97729.2
Thibaut,tmcalpine3p@sbwire.com,47,87661.15
Verene,vkeoghan3q@dot.gov,54,83197.15
Sutton,shairon3r@admin.ch,23,70906.82
Chrisy,cmcnaughton3s@epa.gov,60,92637.02
Standford,skears3t@nhs.uk,33,52366.78
Caryl,ckrol3u@myspace.com,39,2086.0
Averil,aoldham3v@discovery.com,47,56168.19
Tye,tpaggitt3w@virginia.edu,20,96822.72
Fran,fdauney3x@nih.gov,10,70982.17
Case,cfolds3y@prweb.com,21,67888.79
Claiborn,cgillions3z@gizmodo.com,13,18845.64
Miquela,mjersh40@irs.gov,16,89867.6
Penrod,prigardeau41@imgur.com,67,33828.73
Simonne,sberlin42@cbsnews.com,37,97808.56
Ardine,apetkovic43@storify.com,30,25397.75
Tricia,tclipston44@homestead.com,45,14488.01
Felisha,fprier45@shutterfly.com,37,64552.11
Pryce,pluetkemeyers46@cornell.edu,29,73277.99
Kirstin,kassinder47@wikispaces.com,24,26341.05
Cornie,cjacquest48@google.com.hk,54,62104.27
Chrysa,cbloodworth49@gravatar.com,12,86698.03
Cristie,cdeathridge4a@webs.com,19,16806.07
Keane,kmartschke4b@phoca.cz,66,66109.11
Yoshi,ycornick4c@blogger.com,55,91204.26
Verla,vditzel4d@bizjournals.com,67,78338.09
Ninnetta,nmaken4e@friendfeed.com,38,38699.76
Stacy,scornall4f@chron.com,15,33613.44
Sandye,smather4g@goo.gl,63,63809.15
Emily,eearngy4h@cnet.com,40,72376.99
Allissa,aburleton4i@tripod.com,37,97586.76
Reine,rpopple4j@google.fr,43,99922.27
Dulci,dnestor4k@sogou.com,32,77613.44
Marjory,mkynton4l@timesonline.co.uk,42,80257.21
Kirbee,kamsden4m@over-blog.com,38,40419.65
Luci,lgunstone4n@joomla.org,33,14022.13
Amelia,ahubbock4o@senate.gov,32,45124.16
Bryna,bdemitri4p@quantcast.com,41,35216.58
Tobi,tmiere4q@whitehouse.gov,36,13271.03
Jefferson,jellor4r@ezinearticles.com,32,40765.79
Carree,cbaptist4s@unicef.org,34,83066.16
Madlen,mvanweedenburg4t@npr.org,14,14900.93
Nichol,neveringham4u@senate.gov,12,12078.42
Nissie,naronovich4v@imageshack.us,48,17466.09
Tabby,tlanglais4w@cdc.gov,59,37346.9
Calla,cannice4x@hao123.com,41,65869.5
Freddie,fcuncarr4y@wikipedia.org,14,43356.17
Angelia,ameredith4z@sina.com.cn,59,52733.57
Lanae,lnewhouse50@technorati.com,8,27588.26
Jermaine,jhardcastle51@ca.gov,66,63378.35
Anya,aheinke52@goo.ne.jp,52,11768.21
Cindy,cpattesall53@nhs.uk,34,36559.26
Sheree,sbauser54@senate.gov,11,41909.76
Chick,clamplugh55@youku.com,59,46900.15
Ade,ajerok56@umn.edu,55,96030.38
Brit,bhenrys57@hubpages.com,32,10040.83
Constancia,crosso58@oracle.com,41,18860.61
Gasparo,gdamant59@altervista.org,68,83332.33
Terrie,tvannah5a@xing.com,27,79480.84
Bryanty,bgarfirth5b@noaa.gov,62,58995.69
Johnnie,jrushman5c@naver.com,44,58457.9
Desmund,dcalvard5d@photobucket.com,13,8014.6
Mattheus,mhallut5e@nationalgeographic.com,58,45304.42
Rhetta,rowlner5f@nasa.gov,32,88052.51
Almeta,apautard5g@deviantart.com,22,34771.24
Kaile,kharget5h@themeforest.net,65,70118.51
Valentine,vupham5i@goo.ne.jp,55,6384.23
Fallon,fstallion5j@cnn.com,34,48818.86
Sherrie,saveline5k@vk.com,63,65976.63
Abby,adungate5l@cargocollective.com,43,24665.38
Karl,kgiannoni5m@berkeley.edu,49,64140.72
Mohandas,msircomb5n@friendfeed.com,60,41890.67
Guenna,gpopplewell5o@state.gov,43,50567.11
Ransell,rmattei5p@bandcamp.com,22,16735.55
Arden,astrewther5q@whitehouse.gov,27,87307.41
Geoff,gtait5r@archive.org,11,13110.82
Worden,wgartell5s@indiatimes.com,43,32681.27
Vivian,vjanosevic5t@cyberchimps.com,22,41877.22
Lucille,lreynault5u@marketwatch.com,54,52770.59
Ernest,eshreve5v@princeton.edu,55,49603.95
Rex,rreddie5w@cnet.com,21,88867.35
Esme,ebarstow5x@cargocollective.com,52,31940.68
Hannah,hkubalek5y@imgur.com,10,33254.45
Esmeralda,eharwin5z@ihg.com,42,21749.76
Case,ccultcheth60@symantec.com,20,38535.19
Nanete,ncossor61@globo.com,48,36893.0
Ulrich,usagrott62@google.ru,47,99444.27
Caryl,cborkin63@github.com,15,66184.42
Ted,tlebrom64@smh.com.au,58,94311.08
Meghan,mvaughanhughes65@technorati.com,12,50286.0
Kacie,kbickardike66@amazon.co.jp,28,20315.16
Robinette,rwayt67@google.ca,37,79671.53
Storm,spersey68@fastcompany.com,23,38680.64
Anni,aarnauduc69@geocities.jp,62,24648.91
Wilow,wbellingham6a@instagram.com,65,76057.4
Allyn,amcpherson6b@wix.com,53,16216.15
Susan,swindeatt6c@altervista.org,40,35889.55
Ferdy,fgilhouley6d@behance.net,37,72861.78
Fabio,ftissiman6e@yellowpages.com,20,37749.35
Winni,wgreste6f@japanpost.jp,13,33653.83
Frasquito,flennarde6g@telegraph.co.uk,67,46209.14
Valida,vstealey6h@sphinn.com,30,86813.07
Merna,msurr6i@psu.edu,53,63699.93
Tobie,tdeverehunt6j@shutterfly.com,23,98243.13
Amara,awank6k@cam.ac.uk,65,69705.05
Briggs,bmangion6l@npr.org,17,88118.11
Anabal,aderrington6m@ow.ly,32,21328.9
Calvin,cfaulconer6n@sphinn.com,14,42595.19
Alec,anorley6o@flickr.com,54,43295.59
Darlene,dalishoner6p@sourceforge.net,45,36688.69
Hailee,hmote6q@netscape.com,15,96100.32
Gunner,gkeizman6r@wp.com,8,38189.44
Rey,rwethers6s@wired.com,55,23574.52
Cordi,cdackombe6t@xrea.com,12,23363.89
Sylvia,sions6u@wix.com,12,77467.13
Elmer,eericsson6v@boston.com,25,24046.41
Eadmund,ependergrast6w@paypal.com,25,44354.62
Alon,askipper6x@abc.net.au,18,68972.12
Jasmine,jgresley6y@domainmarket.com,17,31391.7
Marty,mtofanelli6z@surveymonkey.com,33,41127.35
Fayre,fboot70@mail.ru,67,53946.44
Yule,ysalery71@icio.us,25,65107.44
Tedda,tleddie72@whitehouse.gov,25,66682.2
Aristotle,abeardwood73@wufoo.com,29,19081.4
Adrianna,aszantho74@blogger.com,19,14203.87
Sheffield,sbeebis75@imdb.com,36,53334.38
Seward,skondratowicz76@twitpic.com,58,34853.26
Kirbie,kpadson77@bluehost.com,51,50952.29
Dennison,dfairham78@liveinternet.ru,43,69928.35
Tiphany,tfaherty79@arstechnica.com,38,50309.3
Lula,lhanshawe7a@symantec.com,28,76141.06
Leslie,lcaseborne7b@cloudflare.com,18,49987.97
Noll,nscullard7c@godaddy.com,55,70595.59
Brittney,bdye7d@squidoo.com,10,57244.98
Ilysa,iclues7e@dailymail.co.uk,28,24298.03
Wald,wgini7f@ehow.com,65,75633.77
Johnna,jskellorne7g@fema.gov,40,17821.29
Iormina,iizzard7h@nydailynews.com,36,60420.9
Claybourne,candrejs7i@oracle.com,41,48408.81
Rosa,rghost7j@constantcontact.com,29,97440.19
Monika,mrandalston7k@tinypic.com,54,68769.49
Katherine,kwadelin7l@wordpress.org,32,83107.05
Alane,aawcock7m@alibaba.com,11,50682.38
Carlee,cbraksper7n@msu.edu,19,3343.25
Terza,tschwander7o@soundcloud.com,46,79584.53
Gennifer,gfealty7p@posterous.com,48,43431.14
Les,lmcrae7q@flavors.me,53,62891.63
Yasmeen,ybillin7r@wikia.com,68,14180.87
Grace,gtrower7s@themeforest.net,15,49628.91
Ralph,rsharp7t@infoseek.co.jp,28,40658.79
Marie-jeanne,mgaggen7u@flickr.com,40,48374.76
Claybourne,chale7v@examiner.com,55,35167.28
Thorvald,tcorderoy7w@ovh.net,42,64984.98
Mikel,mmollen7x@tripod.com,34,66129.2
Reeva,rcoppenhall7y@seattletimes.com,53,51772.71
Sutherlan,smallett7z@exblog.jp,52,16102.53
Bill,bbradie80@storify.com,55,51910.51
Antonin,amacalroy81@dailymotion.com,25,32429.02
Buck,blowdwell82@wiley.com,17,30071.6
Christophe,ccassells83@mayoclinic.com,31,42046.73
Norrie,nnarup84@friendfeed.com,50,92976.88
Ozzie,obrach85@ehow.com,42,43289.6
Loria,lmerriman86@posterous.com,48,4089.69
Luciano,lhedling87@feedburner.com,45,95166.41
Thacher,tiston88@gizmodo.com,40,52784.06
Daniele,dpennycuick89@home.pl,9,99851.8
Debi,dkellen8a@ask.com,32,69218.04
Dominica,ddurrand8b@cnbc.com,55,79545.22
Averell,abeeho8c@taobao.com,34,65968.85
Roanna,rrichten8d@meetup.com,54,47310.13
Pembroke,pglasby8e@vinaora.com,19,5908.7
Emmalynn,ecasebourne8f@umn.edu,8,13457.86
Dotti,dbuckoke8g@webmd.com,55,7997.02
Bradney,bbradie8h@prnewswire.com,8,48186.38
Willard,wcosby8i@a8.net,50,61687.58
Minta,mredwood8j@gnu.org,32,55858.55
Oralia,odreye8k@nsw.gov.au,8,97064.82
Rolland,rlaven8l@loc.gov,26,44986.68
Allina,aesposi8m@irs.gov,66,83628.28
Lory,lblasik8n@nasa.gov,60,22570.09
Tilda,tlewton8o@google.ru,55,1986.81
Forster,ffrantzen8p@sakura.ne.jp,27,14431.43
Coralie,cgreser8q@time.com,9,85174.14
Natka,nmacrow8r@jugem.jp,26,34798.24
Joanne,jwale8s@imgur.com,25,11906.64
Quinn,qtregien8t@reference.com,26,42175.28
Jarvis,jmorrow8u@ebay.co.uk,26,67148.94
Hyacinthia,hvittore8v@e-recht24.de,29,51598.76
Blane,blooks8w@woothemes.com,8,84996.55
Gilberto,gvanthoog8x@archive.org,51,88589.4
Elene,ecastard8y@usnews.com,31,51712.59
Cordie,csexcey8z@chicagotribune.com,65,81839.16
Jaime,jtook90@dell.com,37,88840.37
Karon,kshowler91@de.vu,53,94197.99
Niel,nmacentee92@canalblog.com,34,94841.54
Elvira,ewoliter93@marriott.com,39,78699.17
Rea,royley94@mozilla.com,39,63851.89
Yancey,yipplett95@trellian.com,46,61566.18
Rollin,rsenecaux96@diigo.com,19,46019.52
Sandra,spick97@nbcnews.com,27,85839.4
Dannye,dlidgett98@prlog.org,11,20291.84
Colly,cgettone99@yale.edu,18,23869.71
Moss,mkoles9a@prweb.com,49,97525.25
Eduard,emarwood9b@wordpress.org,41,6378.7
Kean,kbukac9c@nydailynews.com,31,39086.49
Benn,bheaven9d@netlog.com,25,13801.02
Legra,lgotthard9e@creativecommons.org,68,57372.09
Yankee,ylockhart9f@infoseek.co.jp,25,94108.06
Regan,rkibble9g@mtv.com,13,57119.28
Clarance,ckowal9h@whitehouse.gov,33,5632.16
Karlen,kchessun9i@netvibes.com,65,32538.63
Sax,slanghor9j@reddit.com,43,39863.58
Ulberto,ucatlow9k@tripadvisor.com,41,54264.28
Libbi,lcantillion9l@state.tx.us,39,97761.24
Hurleigh,hflockhart9m@marketwatch.com,18,55845.15
Melany,mroseby9n@ucoz.ru,11,52415.64
Issiah,igodbolt9o@yelp.com,36,37400.66
Kristoffer,klalevee9p@google.co.uk,13,64004.51
Uta,umaharey9q@bigcartel.com,48,33456.36
Clarance,cedgworth9r@sun.com,15,60264.7
Letisha,lmaccart9s@altervista.org,41,8607.14
Bary,bhullyer9t@hubpages.com,54,29244.76
Jermain,jsarre9u@webnode.com,22,44268.08
Katrina,kskidmore9v@si.edu,46,40889.79
Regan,rgoozee9w@mapquest.com,61,48570.12
Stephi,sfenna9x@nymag.com,39,33957.9
Dixie,dgarrad9y@usa.gov,39,82435.56
Christiane,cabsolon9z@merriam-webster.com,13,94553.78
Burl,bohogana0@ocn.ne.jp,50,64162.72
Gallagher,gokellehera1@csmonitor.com,55,51709.65
Dane,dolandera2@slate.com,40,94557.11
Kari,kthridgoulda3@hatena.ne.jp,29,99635.09
Gerhardt,gjosuweita4@cafepress.com,56,48862.06
Alexandr,asnooksa5@bigcartel.com,39,78485.89
Efren,egreenhalfa6@list-manage.com,19,45370.44
Wolfie,whaddrella7@moonfruit.com,43,98778.46
Karney,kcockarilla8@epa.gov,8,21462.54
Merwin,mfluckera9@aboutads.info,38,6172.9
Arlan,amattsaa@webmd.com,59,87031.6
Perla,pgarthsideab@fastcompany.com,44,90417.85
Natalya,nschindlerac@yahoo.co.jp,40,75495.47
Lowell,llilload@jimdo.com,58,93231.99
Murial,mgabbottae@technorati.com,12,54851.61
Carter,cbillisonaf@slate.com,29,46620.93
Michaelina,mrobbenag@google.co.uk,44,80773.74
Murray,mtrounsonah@jugem.jp,58,99211.0
Courtney,cpitsonai@utexas.edu,68,55487.17
Josefa,jschroederaj@163.com,55,58454.79
Dev,dandricak@bbb.org,47,57914.0
Hewet,hdinesenal@latimes.com,12,89162.42
Wallie,wbehrendsenam@nifty.com,19,72219.61
Therine,ttabourinan@unc.edu,31,4842.22
Sanderson,sdixieao@cbslocal.com,51,18691.17
William,wbertouloumeap@bigcartel.com,47,73519.03
Ina,imaddoxaq@examiner.com,48,32756.31
Lamond,lbarnewallar@auda.org.au,45,43313.57
Tamera,twhyattas@psu.edu,45,50814.04
Denice,dproschat@lulu.com,60,75954.79
Dyane,dcardenosoau@diigo.com,49,48802.01
Alexandro,aoverlandav@nps.gov,19,7633.45
Bird,bshenfischaw@bloomberg.com,28,23461.63
Rabbi,rnicholsax@elegantthemes.com,23,54802.09
Luke,lbranday@spiegel.de,22,20086.62
Ring,rswynleyaz@biblegateway.com,64,91459.77
Lefty,lsiemonb0@posterous.com,36,89587.83
Halette,hmiellb1@aol.com,21,66921.69
Tiffie,tsprigginb2@scientificamerican.com,32,5714.67
Dierdre,dwennb3@dagondesign.com,57,48536.94
John,jleattb4@seattletimes.com,55,17421.74
Donnell,dserginsonb5@guardian.co.uk,40,52823.55
Aguistin,abrimmacombeb6@t.co,36,43445.82
Garrick,gwybourneb7@newsvine.com,49,51340.79
Pete,pslyneb8@senate.gov,19,38217.06
Regine,rcartmerb9@blogger.com,66,57259.05
Anna-diana,agreaderba@rambler.ru,28,28944.27
Cicily,cdonnersbergbb@blinklist.com,28,56948.56
Inger,ilittleybc@gov.uk,45,65044.02
Cherida,cklainbd@mac.com,11,22608.08
Luz,lohoganbe@ifeng.com,25,3649.61
Wilow,wmaccullochbf@discuz.net,18,61612.47
Mab,moughtrightbg@amazon.de,21,44955.07
Burnaby,bfreschibh@deliciousdays.com,21,66225.58
Craggie,cshillabeerbi@utexas.edu,17,28642.92
Augustin,ahumblestonebj@sourceforge.net,24,54551.87
Eric,edevriesbk@jigsy.com,64,78589.5
Emelyne,emarnanebl@state.gov,23,8697.17
Loy,lgostagebm@who.int,34,88678.94
Penelopa,pasmanbn@youku.com,20,20717.65
Ramona,rjobernebo@stanford.edu,65,39616.11
Syd,sgasparrobp@etsy.com,34,52517.23
Sheila,sbowesbq@amazonaws.com,15,23514.55
Johanna,jrowneybr@ycombinator.com,49,29607.07
Brad,bneatebs@shareasale.com,62,42859.44
Bax,bbrunetonbt@google.com.hk,21,23480.39
Pam,pgrandhambu@biblegateway.com,68,31401.83
Rube,rthiesebv@ycombinator.com,34,1715.05
Brit,bwilloughwaybw@indiatimes.com,64,60587.67
Demetre,ddreusbx@reverbnation.com,37,24310.64
Adda,aworsallsby@example.com,21,49858.08
Edee,emckinleybz@woothemes.com,33,47538.49
Dulci,dtapporc0@paypal.com,54,60209.3
Karil,kclaidenc1@xing.com,19,83190.57
Jeffry,jvalentac2@tripod.com,48,52207.87
Rochester,rvokinsc3@vinaora.com,19,44783.7
Jodee,jmerrimanc4@sakura.ne.jp,22,28624.83
Myrtia,mtokec5@github.io,10,22698.43
Emmy,elittlekitc6@tiny.cc,42,63405.58
Waylin,wgerritc7@stumbleupon.com,40,98203.64
Chrotoem,cpudsallc8@wired.com,44,14563.66
Humphrey,hturesc9@ca.gov,32,23218.93
Hussein,hfirmagerca@flickr.com,58,62154.31
Joseph,jbotwrightcb@go.com,14,50118.64
Constanta,cbranchetcc@nytimes.com,23,22627.09
Nyssa,nyendlecd@comcast.net,40,20292.63
Eleanore,eedwince@hubpages.com,21,95548.3
Sosanna,srallingcf@upenn.edu,51,64325.02
Richy,rtaxcg@360.cn,28,28164.37
Beatrix,bkernarch@usa.gov,65,15025.6
Rita,rmausci@eepurl.com,57,7917.53
Donnamarie,dortellcj@washingtonpost.com,58,86862.63
Melisse,mlorenceck@goodreads.com,13,81080.95
Graeme,gkenworthycl@blogs.com,54,84542.38
Torry,tsouthernscm@blogtalkradio.com,40,31955.92
Angel,afairholmcn@nydailynews.com,37,96365.56
Otes,obarendsco@adobe.com,28,22168.36
Lars,lbrosinicp@chronoengine.com,55,12191.15
Umberto,useverscq@unesco.org,43,86247.29
Anabelle,asnoddencr@utexas.edu,67,14888.48
Jozef,jdearingcs@mit.edu,29,70962.38
Rawley,rbuzekct@hud.gov,27,80107.29
Farah,fstanbrocu@so-net.ne.jp,9,7731.31
Joy,jrisingcv@netvibes.com,63,21466.5
Randene,rpoleykettcw@imgur.com,10,64827.61
Toinette,ttaylorcx@w3.org,67,84065.41
Corey,cgarriccy@sourceforge.net,65,94355.6
Andrew,acogancz@ucsd.edu,60,96112.53
Pryce,pwitherbedd0@webmd.com,47,14041.86
Morie,mrablind1@umich.edu,63,9289.34
Nelle,ngoardd2@ebay.com,20,3377.04
Jared,jletsond3@storify.com,46,99254.67
Toby,tcolvind4@techcrunch.com,57,81493.65
Taddeo,tmarwoodd5@linkedin.com,47,43613.08
Margret,moshieldsd6@quantcast.com,49,9830.75
Peta,pcarlesid7@phpbb.com,45,28126.17
Rivi,rstrangewaysd8@google.com.hk,11,64527.75
Kinsley,kgrievsond9@china.com.cn,60,64273.57
Sherline,sleareda@about.com,12,94323.89
Johnna,jnapletondb@hc360.com,34,27874.01
Wyndham,wruggedc@jugem.jp,61,51953.76
Gar,gcarrendd@nps.gov,8,70238.24
Ruggiero,rkemetzde@google.ca,27,52875.08
Jenny,jfawlteydf@blinklist.com,56,97101.89
Hewe,hbickdg@rakuten.co.jp,38,14790.66
Eberhard,egilardonidh@indiegogo.com,47,28553.82
Rawley,rduinbletondi@ustream.tv,29,99290.57
Garth,gbafforddj@behance.net,22,83973.99
Itch,itrunksdk@twitpic.com,47,63222.91
Kristopher,ksquiresdl@infoseek.co.jp,37,23627.45
Janina,jlevenedm@ustream.tv,60,70274.21
Bryant,bwixdn@nytimes.com,57,10506.77
Averyl,acorssdo@fastcompany.com,35,49690.97
Rodi,rvandevliesdp@edublogs.org,12,11807.38
Zoe,zaronsteindq@wikimedia.org,68,8015.13
Linn,lsherringhamdr@elpais.com,68,10766.01
Filmore,fravelusds@acquirethisname.com,10,36965.58
Valle,vartheydt@constantcontact.com,49,44258.51
Vergil,vnutbeandu@edublogs.org,37,27943.46
Iorgo,ipotteridgedv@mashable.com,37,41809.12
Andriette,ascrubydw@tmall.com,23,20646.42
Angy,aconnowdx@tuttocitta.it,45,4715.44
Karel,ksteaningdy@who.int,62,85609.55
Darell,drubkedz@mit.edu,24,53356.21
Gav,gmouncee0@aboutads.info,39,60266.8
Julius,jrubinszteine1@mtv.com,18,41149.53
Sascha,sduinbletone2@intel.com,18,2087.47
Tedie,tsulllye3@examiner.com,13,93565.41
Delia,dborkette4@nyu.edu,59,9476.3
Koressa,kreddihoughe5@reuters.com,9,95303.29
Lanette,lmoinee6@kickstarter.com,54,62535.93
Rosaleen,rfostone7@chicagotribune.com,19,7834.54
Sephira,svele8@guardian.co.uk,51,73640.25
Catherine,cadleme9@mlb.com,56,81887.89
Shalom,sholdea@washington.edu,65,98307.18
Deeanne,dmquhaneb@amazon.co.jp,12,40714.83
Jaye,jbynethec@time.com,21,91160.11
Billie,btanbyed@huffingtonpost.com,38,32301.95
Muriel,mclacsonee@icio.us,16,72766.51
Fowler,fdonneelyef@cyberchimps.com,46,73232.66
Halsey,hlileyeg@theatlantic.com,65,37769.58
Mei,mblunteh@geocities.com,39,6767.06
Austin,alapennaei@gravatar.com,14,86567.11
Kristien,kdabbsej@tripadvisor.com,52,79498.18
Gradeigh,ghanrettyek@statcounter.com,18,46459.06
Jilly,jmauroel@deliciousdays.com,27,32172.79
Ashien,adayesem@delicious.com,13,82492.23
Irita,ibalnavesen@blog.com,12,4407.92
Brock,bpadgetteo@skype.com,62,70605.48
Padraic,pscottep@multiply.com,45,19523.42
Cullen,ckurteq@ask.com,66,84327.53
Justin,jlasseyer@sina.com.cn,56,46737.12
Tallie,tgiggses@t-online.de,49,68484.58
Norine,nrodmellet@google.com.au,57,29381.87
Marge,mjosloweu@google.ru,25,13186.16
Dalila,dshepherdsonev@chron.com,64,84870.63
King,kbollandsew@cisco.com,28,35076.96
Leonhard,lcochranex@reference.com,21,58584.25
Ruthann,rmarshmaney@fda.gov,35,16494.09
Peder,pmcmenaminez@networkadvertising.org,61,83612.3
Tova,tgollyf0@mapquest.com,11,30052.21
Camala,cfreakef1@last.fm,16,16098.33
Rab,rmckeadyf2@printfriendly.com,56,59097.3
Walsh,wfinlaterf3@sohu.com,66,3846.94
Carlen,cduffellf4@flavors.me,17,86092.0
Nomi,npopleef5@disqus.com,38,5593.58
Barris,bronchkaf6@marriott.com,55,13210.85
Ingeborg,ivinterf7@china.com.cn,36,25547.95
Padraic,pblaikf8@netlog.com,10,18847.59
Willard,wpurtellf9@drupal.org,54,69360.53
Abby,akleiselfa@blog.com,15,95019.48
Sarette,sskettlesfb@issuu.com,37,85189.11
Cathryn,cbonnettfc@dot.gov,16,94144.57
Jacquelin,jdwanefd@nationalgeographic.com,18,35806.55
Miguela,mgulliventfe@guardian.co.uk,40,68754.57
Iain,ihammettff@google.ca,60,97116.75
Grier,gflettfg@cornell.edu,68,10722.09
Clemmy,ccarrettfh@bbc.co.uk,44,67726.61
Crysta,ceagersfi@networkadvertising.org,47,38216.53
Meredeth,mgrattonfj@technorati.com,22,41712.92
Hugh,hkiosselfk@reddit.com,32,32038.35
Alie,abuskefl@google.com.br,37,28111.1
Alard,abeaulieufm@tripadvisor.com,58,57060.54
Elmo,edesbrowfn@alibaba.com,20,42244.55
Kora,kbraggefo@foxnews.com,40,10913.03
Valentino,vpinckneyfp@g.co,23,53265.48
Lucius,lbullockfq@deviantart.com,61,24650.47
Lyndsay,lmerkelfr@virginia.edu,54,97230.7
Rania,rfairallfs@bandcamp.com,27,17436.74
Dallas,droddersft@angelfire.com,61,65080.63
Nerte,nlyddonfu@cnet.com,25,72156.45
Malinde,mtiffinfv@sakura.ne.jp,16,40034.69
Brander,bstodartfw@wordpress.org,21,45415.61
Ronny,raskewfx@constantcontact.com,12,26999.2
Ricardo,rocrottyfy@yahoo.co.jp,33,53215.57
Nico,ngreatorexfz@si.edu,55,16308.73
Gregg,gleahyg0@newyorker.com,39,58237.83
Dalenna,dcyphusg1@people.com.cn,20,34433.37
Jaquenette,jdowerg2@soup.io,28,61136.82
Dorri,dcarnieg3@wp.com,38,21112.7
Dyana,dkimmg4@nydailynews.com,11,51688.21
Gwenette,groyseg5@zdnet.com,21,61828.78
Madlen,mlillicrapg6@usda.gov,23,25895.59
Garrot,gbearsmoreg7@paginegialle.it,56,8481.54
Ernaline,egavagang8@gizmodo.com,18,57130.0
Barrie,bangoodg9@usatoday.com,53,13047.37
Pierce,pspellacyga@icq.com,36,38274.47
Ramsey,rmarsygb@nyu.edu,19,70001.0
Ricki,rtidcombgc@nbcnews.com,37,70415.03
Smitty,sgiannassigd@moonfruit.com,16,41573.09
Orion,ocluetge@bing.com,33,15334.59
Patsy,pmcgannongf@answers.com,16,13642.03
Hugibert,hwollersgg@ihg.com,21,19854.66
Bennie,bfippgh@symantec.com,52,67896.72
Kathlin,ktidboldgi@rakuten.co.jp,22,93132.9
Faun,frulegj@shareasale.com,59,61436.62
Margalo,mamsbergergk@sfgate.com,28,75771.44
Carina,cmillmoregl@imageshack.us,47,22214.67
Austin,areaneygm@xing.com,32,94106.89
Herbie,hkeegangn@bloomberg.com,50,43702.41
Dennie,dbausorgo@opera.com,60,9001.86
Dollie,dpyfordgp@sitemeter.com,40,18347.68
Fabiano,fcarlylegq@delicious.com,66,51212.57
Luci,lashgr@paginegialle.it,48,78793.95
Holden,hashfullgs@studiopress.com,53,35322.68
Jinny,jslatefordgt@omniture.com,55,42794.6
Carmelita,covanesiangu@w3.org,53,24871.3
Vilma,vcunradigv@indiegogo.com,50,81041.4
Olivia,ostallwoodgw@artisteer.com,19,15119.36
Bekki,bjefferiesgx@hexun.com,52,87718.2
Charlie,cormegy@nhs.uk,56,63092.26
Jamil,jgarmansgz@webeden.co.uk,59,56062.68
Saleem,sterringtonh0@ibm.com,21,31998.39
Marin,mcrumh1@ucsd.edu,25,87630.86
Hermine,hsarfath2@rakuten.co.jp,26,29618.26
Orazio,openyltonh3@spiegel.de,9,57279.84
Mordy,mgiovanizioh4@usda.gov,66,99417.12
Wayland,wuphamh5@virginia.edu,63,82587.05
Florella,fcaudrelierh6@edublogs.org,68,12902.28
Latrena,lbonifazioh7@friendfeed.com,62,38959.44
Claudio,ccarwardineh8@google.fr,22,51919.32
Ricki,rrocheh9@ow.ly,28,99564.05
Tris,tmalterha@nps.gov,62,96345.37
Forster,fjouhninghb@goo.ne.jp,23,9265.2
Eustacia,egothc@qq.com,10,8251.12
Walliw,wlyndhd@about.me,18,74808.4
Leontine,lgiabuzzihe@weebly.com,45,77709.98
Lincoln,lmcfadzeanhf@theguardian.com,16,97576.08
Sophi,sstrettellhg@opensource.org,52,6175.92
Camila,csaigerhh@dion.ne.jp,20,84182.41
Tony,tkeitchhi@baidu.com,24,58196.46
Zebulen,zmacaughtriehj@techcrunch.com,49,89768.1
Toby,tconinghk@symantec.com,42,98598.85
Isa,ibaddowhl@cbsnews.com,48,25498.32
Ike,ipirazzihm@mail.ru,18,22792.09
Ara,asevinhn@rambler.ru,44,97178.18
Marlo,mrickersyho@wikia.com,47,82637.73
Nolan,nfrancesconihp@webs.com,39,11699.93
Padgett,pkingstonhq@ask.com,18,43156.93
Kelley,kjoselinhr@blog.com,12,84641.26
Brandyn,bfruserhs@umich.edu,17,53200.26
Shandy,sgeramht@ezinearticles.com,59,62984.96
Nathalia,ngadiehu@ycombinator.com,61,39752.93
Dagmar,dmartinsonhv@quantcast.com,63,99024.91
Grace,gimlochhw@biglobe.ne.jp,16,4231.34
Lebbie,lvecardhx@vimeo.com,56,50609.56
Lewes,lmaclucaishy@imgur.com,23,47722.67
Vivianna,vantoszewskihz@dell.com,24,26831.63
Gertrudis,gpetraitisi0@time.com,16,16795.76
Rochell,rtebaldi1@globo.com,19,56053.09
Nydia,nradclyffei2@arstechnica.com,41,89574.72
Cyrus,cprendivillei3@loc.gov,37,98858.67
Ellette,ediclaudioi4@creativecommons.org,38,8151.86
Kendricks,kandreni5@so-net.ne.jp,42,20934.41
Krishnah,kpothecaryi6@imgur.com,29,70613.85
Claretta,coldingi7@seattletimes.com,32,77526.19
Zaneta,zcastrii8@chicagotribune.com,31,4719.69
Aube,alippetti9@taobao.com,20,35632.78
Randie,ralelsandrowiczia@blogger.com,39,91474.85
Prinz,pbutlandib@blogs.com,66,55981.55
Nero,nquigleyic@exblog.jp,65,13741.48
Collin,civkovicid@webmd.com,40,13837.47
Tobey,tpendergrastie@google.de,14,59506.36
Murray,mdennickif@si.edu,31,37016.05
Berti,bblakelyig@twitpic.com,15,23287.19
Jemmie,jpeddersenih@acquirethisname.com,8,48279.19
Hendrick,hbrameii@abc.net.au,27,44743.19
Michele,mhullsij@wisc.edu,25,88819.09
Lannie,lbowerik@paginegialle.it,37,33801.64
Mechelle,mkarpetsil@meetup.com,27,3702.52
Craggy,cblincoweim@state.tx.us,61,12581.91
Casandra,cpetrushankoin@yahoo.com,56,28082.76
Patty,pprobatio@mlb.com,32,62021.74
Kylen,khalliboneip@wisc.edu,43,38471.52
Lulu,lmarlingiq@hc360.com,67,23412.15
Enrika,egiacoboir@instagram.com,38,65167.52
Kris,kloughnanis@fda.gov,62,27608.18
Shanda,srochesit@twitpic.com,45,59765.01
Chariot,cbiasioniiu@wired.com,36,57702.97
Adria,aellswortheiv@over-blog.com,20,90993.66
Kyle,kescottiw@fotki.com,36,26691.35
Delia,dhartinix@deviantart.com,9,98162.37
Shaylynn,sbeckenhamiy@aboutads.info,27,73566.67
Noelani,nrozeciz@nsw.gov.au,19,72946.46
Loydie,lkorbj0@ucoz.com,50,26838.29
Darsey,dmcartej1@wikia.com,60,79161.15
Charisse,cghirardij2@reddit.com,50,45914.49
Leland,lrichardetj3@wsj.com,42,72919.1
Pammie,pklassmanj4@ebay.co.uk,19,3900.04
Edsel,ebraamj5@dedecms.com,22,35057.67
Barbi,bpashbeej6@yelp.com,23,45127.37
Dasie,dmckanej7@usda.gov,31,67066.98
Daveta,dseilerj8@cafepress.com,60,13041.69
Anitra,acurreenj9@bigcartel.com,17,38227.11
Dorette,dpaigeja@gravatar.com,40,82127.26
Corissa,ccaddiejb@independent.co.uk,34,2364.02
Hiram,hkarpeevjc@telegraph.co.uk,53,37440.7
Brittaney,blanfarejd@dmoz.org,31,32706.98
Tabatha,tkemeryje@jalbum.net,35,91376.07
Esra,earzujf@canalblog.com,54,42808.88
Maximilian,mlinggoodjg@time.com,64,81963.72
Kerrin,khucklejh@aboutads.info,29,26564.5
Benedick,bfoynesji@nationalgeographic.com,45,2065.07
Nels,ntitterrelljj@zdnet.com,8,77749.8
Giacinta,gdunkleejk@theatlantic.com,63,20419.67
Carolynn,ckendaljl@free.fr,36,89976.87
Anette,atremblejm@slashdot.org,9,25335.04
Aurilia,aglisanejn@dell.com,15,94370.72
Carry,chryniewiczjo@meetup.com,57,34802.06
Raimund,rhinstockjp@walmart.com,28,28051.3
Dwain,dgreetjq@yellowbook.com,49,23615.54
Lyn,lstokoejr@fastcompany.com,52,41884.1
Hildy,hdelacijs@fda.gov,12,53178.45
Leland,lbenedyktowiczjt@google.ca,15,76311.4
Ingunna,iparchmentju@360.cn,17,11634.11
Maible,mwarderjv@ask.com,46,2412.54
Sinclair,scolbertjw@angelfire.com,11,20202.98
Rene,rdmitrievskijx@jimdo.com,10,98143.05
Chelsie,cpentycrossjy@histats.com,48,50502.68
Georgeanne,gflageuljz@scribd.com,46,61880.46
Barrett,btytcombk0@ucoz.com,13,22276.36
Starr,smealhamk1@ovh.net,53,70149.29
Clemmie,ctibolsk2@soup.io,36,10279.26
Kiri,kkarolczykk3@reddit.com,66,95247.79
Trev,tpallaschk4@merriam-webster.com,9,97714.37
Jamima,jaistonk5@tiny.cc,25,77725.48
Joey,jsabinek6@state.gov,18,76971.84
Israel,imortlockk7@youku.com,57,2467.8
Dana,dmcgarryk8@wix.com,27,79902.31
Craig,cpaddingtonk9@yolasite.com,20,30621.12
Herculie,hharmanka@com.com,62,61281.93
Pamelina,pbanhamkb@vimeo.com,68,14219.99
Waldon,wsaynorkc@sciencedirect.com,33,46788.4
Abie,avaadelandkd@va.gov,67,60387.85
Willa,wstermanke@eepurl.com,42,82193.87
Sammy,sanandkf@google.com,49,77004.79
Arlana,amaystonekg@washington.edu,43,41296.17
Raquela,rhitscherkh@craigslist.org,18,79477.32
Jordanna,jwesthoferki@canalblog.com,19,45252.6
Violante,vdollmankj@weebly.com,41,66231.12
Deborah,dtiernykk@whitehouse.gov,67,37210.98
Kyle,kkhosakl@ucoz.ru,36,1749.95
Rosalia,rlabadinikm@unicef.org,29,64570.44
Nathanial,nbasillonkn@dedecms.com,8,17822.36
Barrett,bdringko@csmonitor.com,34,77514.31
Nancee,noxshottkp@chicagotribune.com,31,87778.93
Vivia,vdargiekq@kickstarter.com,62,28808.29
Evie,eolyffkr@bing.com,57,63589.52
Boot,boganesianks@admin.ch,61,73018.27
Savina,sdmytrykkt@berkeley.edu,54,72726.85
Pavla,porriceku@mapy.cz,34,89991.78
Skylar,sjewesskv@columbia.edu,29,74482.55
Starlin,slichtfothkw@pinterest.com,8,99998.04
Say,sadolfkx@networkadvertising.org,60,45844.18
Ogdan,orycraftky@scientificamerican.com,41,29308.98
Marthe,mpetrushkakz@g.co,29,47232.37
Quent,qmylechreestl0@purevolume.com,52,76519.62
Ardath,afeltonl1@webnode.com,56,78160.65
Werner,wtwidalel2@cafepress.com,68,4127.85
Tara,tglazebrookl3@bbc.co.uk,53,22039.63
Loleta,lbonyl4@privacy.gov.au,33,39068.83
Thaine,tcuddonl5@pbs.org,40,92690.67
Polly,pwalfordl6@storify.com,47,29708.67
Ariadne,aohenecanl7@wsj.com,68,48000.38
Rodge,rboylanl8@adobe.com,56,77783.7
Whitney,wreisinl9@cbsnews.com,44,63683.12
Gerry,gklawila@bloglines.com,25,60909.41
Maura,mdefrancescolb@linkedin.com,44,1633.74
Dynah,dslaytonlc@marketwatch.com,25,40158.26
Olwen,odoubravald@exblog.jp,29,25325.21
Cullen,csemperle@tamu.edu,42,81506.0
Carine,cwarlandlf@myspace.com,33,44009.03
Yank,yjollyelg@php.net,64,78525.66
Bili,bburvilllh@mediafire.com,42,30140.38
Merridie,mrockallli@jimdo.com,52,78280.54
Baxy,bwoodersonlj@fotki.com,8,35500.2
Vidovic,vlegravelk@statcounter.com,64,46117.01
Shel,sternottll@cisco.com,35,94613.27
Lay,lscamplm@abc.net.au,63,89477.69
Tad,tchristopheln@census.gov,33,41588.27
Alec,aknibleylo@army.mil,27,46069.73
Berget,bkolyaginlp@reference.com,14,47384.5
Elsy,ecrawlq@t.co,15,95328.91
Christean,cgarrattlr@usda.gov,25,58877.89
Grethel,gblaisdellls@mysql.com,14,26769.75
Grannie,gskeweslt@bravesites.com,16,3333.72
Dolores,dhaselwoodlu@aol.com,45,23983.95
Jorie,jwolfordlv@ebay.com,19,11521.75
Xever,xdollardlw@surveymonkey.com,62,84768.97
Niel,nstormouthlx@xrea.com,9,4999.79
Rozamond,rwhitefordly@tumblr.com,23,43707.71
Romona,rvillarlz@house.gov,35,63378.8
Gail,grappam0@shutterfly.com,66,65003.19
Sabra,smosdillm1@altervista.org,35,95814.31
Virgie,vdengatem2@vinaora.com,51,14031.56
Lilli,lmintom3@booking.com,46,52585.32
Shelia,smanfordm4@jugem.jp,22,81606.07
Tess,twaldingm5@census.gov,35,70365.42
Kati,ktullotm6@google.es,55,91571.87
Elsbeth,echestnutm7@ft.com,13,60684.03
Toby,tismeadm8@google.ca,50,70616.06
Issy,ibenianm9@un.org,66,88533.53
Anastasie,aperchema@opensource.org,41,91077.32
Ollie,opaskellmb@dagondesign.com,44,84742.34
Florella,fhillabymc@uol.com.br,38,58255.15
Gerome,gtightmd@meetup.com,29,47224.26
Nikolas,ntennetme@auda.org.au,43,96565.91
Meriel,mcrootmf@digg.com,24,66410.4
Sher,sbaldrymg@sina.com.cn,56,77953.14
Hyacinth,htrodlermh@senate.gov,36,72024.78
Ringo,rkettmi@prnewswire.com,59,97782.61
Charil,cdennerlymj@about.com,20,85644.45
Olav,odegiorgismk@chronoengine.com,41,63221.25
Linn,ltremouilleml@canalblog.com,56,20815.17
Karlens,klowlemm@blogspot.com,9,54579.7
Sheri,sguittetmn@oracle.com,24,51700.63
Zora,zjeacockmo@sohu.com,33,26211.65
Leslie,lmclernonmp@shutterfly.com,67,93567.18
Yalonda,ycuttenmq@last.fm,46,33091.25
Brander,bbenasikmr@de.vu,9,49665.08
Umeko,uelsburyms@guardian.co.uk,43,81848.0
Akim,aberensmt@trellian.com,27,62119.81
Drusie,dfarlambemu@adobe.com,51,72965.62
Myrta,mguerramv@rakuten.co.jp,42,6893.72
Jacqueline,jimlachmw@fastcompany.com,22,7653.22
Corty,crudgardmx@scientificamerican.com,38,15076.87
Cyrille,ckermathmy@admin.ch,27,53981.06
Max,menderwickmz@free.fr,51,56943.19
Franni,fmchardyn0@dion.ne.jp,60,8404.28
Shawn,sfaken1@deviantart.com,16,79992.95
Lory,lmittenn2@aboutads.info,41,63023.13
Elspeth,esparen3@forbes.com,59,93482.17
Joachim,jdisdeln4@wisc.edu,16,7336.2
Waylon,wgumeyn5@technorati.com,35,66863.28
Vera,vgergelyn6@microsoft.com,32,44150.46
Myrtle,msawersn7@skype.com,59,3157.27
Everard,enewsonn8@tiny.cc,68,64548.26
Dale,dmarkwelleyn9@deliciousdays.com,37,48984.04
Roxanne,rcordallna@earthlink.net,31,74184.29
Arlee,aledsternb@walmart.com,29,57114.13
Jeffrey,jcurrnc@scientificamerican.com,21,14067.85
Shalne,smacclanceynd@delicious.com,41,25542.1
Leanora,lwincomne@fotki.com,31,81314.05
Annie,agettingsnf@surveymonkey.com,41,85648.55
Roseanne,rwilleyng@bloomberg.com,17,88383.55
Roch,rtipplernh@sbwire.com,8,95478.42
Marlyn,mblackallerni@reverbnation.com,38,6437.95
Edyth,ereagannj@vinaora.com,12,35627.62
Donny,deggersnk@live.com,15,11685.59
Beverley,bgraesernl@chron.com,46,4579.69
Patrizio,pvarnenm@npr.org,29,75359.09
Lambert,lspoerlnn@google.nl,13,63703.86
Karalee,kgarronno@chronoengine.com,57,64805.04
Hillary,hextallnp@list-manage.com,30,73762.49
Annamaria,atosdevinnq@wiley.com,21,80425.88
Kassia,kbattersbynr@npr.org,56,84244.15
Rollo,rstobons@163.com,31,42795.43
Inger,icushworthnt@istockphoto.com,43,51465.96
Saraann,stolhurstnu@blinklist.com,49,14098.12
Tailor,tbertsonnv@techcrunch.com,57,59778.68
Gus,gbaltrushaitisnw@wunderground.com,50,67648.86
Margareta,muccellinx@businesswire.com,49,95747.54
Esteban,eshermanny@cafepress.com,38,16737.84
Nevins,nlarchierenz@who.int,22,35541.39
Elia,ereglero0@webmd.com,25,42227.71
Lenee,lmcmurtyo1@eventbrite.com,31,26742.44
Cacilie,cabbitto2@wp.com,20,31058.26
Rhodie,repletto3@wsj.com,53,81764.74
Ronnica,rgibbonsono4@smugmug.com,54,47678.71
Inessa,idaviso5@ezinearticles.com,68,75626.25
Derwin,dbadseyo6@pen.io,14,32724.45
Ram,rminerso7@pinterest.com,32,7488.5
Leonanie,linkpino8@youtube.com,20,35744.73
Renee,rmcbrideo9@amazon.co.uk,19,83769.7
Mariana,mwishkaroa@unesco.org,66,15609.36
Charmine,cwiddowesob@nationalgeographic.com,34,49696.74
Carol-jean,cferrieoc@icio.us,51,22008.69
Maddy,mscobbieod@time.com,12,58793.77
Ysabel,yhumberoe@wikia.com,15,41202.81
Rabi,rbartramof@artisteer.com,46,62903.42
Shelagh,sjefferdog@indiegogo.com,9,95299.58
Seana,sclerkoh@techcrunch.com,24,47903.57
Petronia,pbernadzkioi@seattletimes.com,46,89768.77
Susanna,sgleweoj@redcross.org,24,98057.9
Jerrilyn,jgrahameok@behance.net,12,15552.71
Gray,gcrokerol@baidu.com,61,1114.9
Astrix,adartonom@youtube.com,46,14708.89
Sylvia,stennanton@hexun.com,20,91192.43
Deck,dszymanskioo@bandcamp.com,68,53489.01
Lilia,lstorrorop@indiegogo.com,51,16081.96
Dreddy,dbricknalloq@skype.com,19,29618.15
Flore,fyankishinor@china.com.cn,21,49664.6
Cindy,ceveos@oracle.com,60,84454.75
Arlin,afolbiggot@histats.com,54,95098.51
Jeanna,jgregoriou@nifty.com,18,43195.47
Aggie,aocassidyov@adobe.com,31,21293.58
Chrisse,cbartoszinskiow@bizjournals.com,36,55452.19
Cristine,cbyassox@msu.edu,34,56272.33
Claudine,cmcardelloy@creativecommons.org,45,93741.13
Bent,bmageroz@ed.gov,24,69145.02
Kevyn,kfyrthp0@123-reg.co.uk,52,29931.05
Kev,kbakeyp1@flavors.me,55,30428.84
Kassia,kcrooksp2@discuz.net,68,5374.2
Courtenay,cmacdonoughp3@zdnet.com,22,10900.08
Glenn,gkibbyep4@biblegateway.com,52,68677.03
Lauren,lpawlickp5@china.com.cn,57,54974.86
Drusy,dharkinsp6@ustream.tv,60,83666.08
Janeva,jbarrowcloughp7@netscape.com,50,31630.52
Norbert,nsullandp8@istockphoto.com,37,62275.72
Skippy,sbearwardp9@live.com,60,71219.95
Cathyleen,cgiovanettipa@soup.io,13,83343.69
Maressa,mbowmakerpb@ucoz.com,32,46019.96
Debi,djaggipc@independent.co.uk,67,77954.45
Andre,alongmeadpd@bloglines.com,39,4589.71
Letta,lrigatepe@wunderground.com,39,20557.18
Kleon,kburhousepf@gmpg.org,37,72271.51
Susan,sestepg@nymag.com,12,8676.41
Cheslie,ccahnph@geocities.jp,65,39899.25
Elwin,erustadgepi@npr.org,18,48021.69
Rees,rmacmeartypj@noaa.gov,23,48094.99
Lazaro,ljuzekpk@google.ca,26,45561.43
Krista,klindbackpl@about.me,64,7646.03
Robinson,rplattpm@hexun.com,62,25386.0
Karl,klangrishpn@comsenz.com,18,50430.0
Jillana,jforemanpo@shareasale.com,23,94840.51
Jonathan,jcrocumbepp@odnoklassniki.ru,21,30546.88
Cassandre,charrypq@google.co.uk,40,28151.68
Phillip,pwhightpr@live.com,13,17088.19
Fawne,fjoseffps@ucsd.edu,17,60523.99
Patric,pdubblept@scribd.com,25,60512.99
Francklyn,fpadrickpu@google.pl,59,25624.12
Jonie,jwoodfieldpv@gizmodo.com,22,50854.39
Fleur,fgosbypw@pagesperso-orange.fr,47,23721.6
Biddie,bhendersonpx@google.es,11,2810.56
Mary,mpudnerpy@nytimes.com,58,36872.57
Kandy,kduddridgepz@studiopress.com,53,40560.61
Brandon,bmeatcherq0@marketwatch.com,57,54396.57
Willamina,wjephcoteq1@wp.com,16,24317.21
Rodd,rbuddellq2@weather.com,65,45960.53
Albert,alukeschq3@liveinternet.ru,52,14627.25
Mahalia,mmourtonq4@ask.com,20,46078.4
Evangeline,edodshunq5@github.com,67,13029.82
Corny,cdeguaraq6@tmall.com,64,29327.19
Jedd,jcrannq7@pbs.org,19,37749.72
Artemas,acordeixq8@springer.com,53,9867.63
Gustie,gcadneyq9@cisco.com,50,13892.44
Simona,sbuntingqa@globo.com,47,8528.9
Normand,nelsdonqb@reverbnation.com,21,30446.84
Mile,mdarleyqc@skype.com,15,84823.18
Denny,dfidilisqd@barnesandnoble.com,49,6893.86
Conroy,carneqe@google.co.uk,39,50884.33
Vanya,vmcgeraghtyqf@seattletimes.com,33,22474.37
Burke,bbunchqg@deliciousdays.com,66,39727.55
Kalinda,kpetrouqh@seesaa.net,36,66235.93
Leshia,lvyvyanqi@wikimedia.org,42,72785.79
Nanice,nvoasqj@weather.com,49,84298.76
Gamaliel,gchellqk@ucoz.ru,40,85984.92
Lillian,lsturrql@hp.com,59,98485.34
Marilyn,mblewittqm@elpais.com,53,86536.17
Ivor,ibauldqn@nydailynews.com,12,13778.05
Andree,ademangeotqo@businessweek.com,27,67625.47
Justen,jwagonqp@icq.com,54,93455.91
Husain,hgierkeqq@google.com.br,27,36047.34
Antonietta,acocklieqr@sphinn.com,32,20935.71
Thorpe,tgloyensqs@furl.net,48,35264.9
Holly,hdurieqt@typepad.com,44,91617.35
Boonie,bscogingsqu@prnewswire.com,44,5300.65
Trey,tandreiniqv@engadget.com,29,5662.93
Bryon,branniganqw@reverbnation.com,19,24278.15
Arlen,awheeltonqx@imgur.com,49,84118.23
Rad,ryallopqy@dedecms.com,8,54912.95
Adi,alambillionqz@ameblo.jp,11,21168.56
Kerrill,kseymourr0@bloomberg.com,17,25898.82
Avis,acoltartr1@a8.net,48,64821.25
Sascha,seisenbergr2@blogs.com,18,6576.68
Brodie,bmcramseyr3@ehow.com,61,99371.75
Syman,smerriganr4@hc360.com,64,89159.82
Catina,cmccluneyr5@baidu.com,30,33049.17
Meggi,mburthr6@bloglovin.com,10,27964.06
Zacherie,zjumeaur7@hhs.gov,8,32834.09
Bridgette,btumiotor8@psu.edu,61,29574.04
Jeffrey,jdewhirstr9@hugedomains.com,47,60804.68
Perri,psherynera@linkedin.com,42,24289.18
Franz,fgodbyrb@ycombinator.com,32,48519.44
Lorena,lhardwinrc@reuters.com,52,62047.93
Niko,nalphonsord@amazon.de,41,30505.79
Gerrie,grubanenkore@deliciousdays.com,48,53998.21
Betsey,bprawlerf@4shared.com,12,46874.09
Abby,aubachrg@multiply.com,29,63179.66
Merwyn,mkleinsteinrh@pen.io,53,96580.3
Ravid,rfarensri@myspace.com,30,47429.11
Minor,mdarkinsrj@hhs.gov,13,46092.31
Florian,flitchfieldrk@quantcast.com,15,19229.06
Frank,fburchettrl@biglobe.ne.jp,51,30761.62
Hildagarde,hderechterrm@flavors.me,62,39576.26
Idell,idrexelrn@time.com,21,63834.29
Amalita,asutliffro@google.co.jp,57,85264.94
Esra,eroubayrp@prnewswire.com,32,3882.39
Sinclare,sgaizerq@elpais.com,17,8663.11
Towney,tstowgillrr@phoca.cz,50,39728.47
